07da813c-633c-40d0-a707-f270536d0f52,2017
0e51d0d0-95e2-46f4-a451-f148224d2b4f,2018
1544d5e8-5092-4f3f-9ab8-ea99c45bd784,2016
1544d5e8-5092-4f3f-9ab8-ea99c45bd784,2017
1544d5e8-5092-4f3f-9ab8-ea99c45bd784,2019
29d55199-131e-4645-8c12-06165de82f32,2016
2edecc01-f73f-4dd8-ad68-9a57ec925191,2020
39931a0e-f9b2-4d89-8f1f-9374ee7ef24c,2020
3a7c6e17-0f47-407b-8d64-58d67b5ad027,2018
4ba05764-1f2a-49be-b00b-3fda69a26fba,2017
4f46dcc6-6efc-4b91-9cdf-aa1af1e5bdfd,2018
5f6a67c7-9528-444e-9c41-fc4eab23d493,2018
5f6a67c7-9528-444e-9c41-fc4eab23d493,2019
6cc5d657-5b8f-40d2-8df6-a1a9431a9f28,2021
6d535cb7-fc10-46f1-bb6d-e3a8e32d3c72,2018
72ebc577-4ded-48a9-82e7-8cbe2a8af508,2020
7b1722a4-68e1-4424-b7d6-fca284265839,2020
82ab0a13-0889-4149-bdac-1b7c1fd3d03e,2018
8f8a261a-dd38-4032-81ce-daa7367e271e,2019
95677d4f-e5a0-4cc1-85c9-c46cc40a6fff,2016
9f9380e5-2e06-464a-baa7-394898f3e833,2019
a30c2331-25fd-4741-add9-3596565a96bc,2019
a8004fa4-5369-4266-821e-6d246dcb705d,2016
b09c1143-9c89-4100-8302-793015dd178a,2020
c5e97956-549a-49c7-8c82-3aa1767af120,2019
ca7eafe3-857f-48da-925b-def850023a67,2018
ca7eafe3-857f-48da-925b-def850023a67,2019
ca7eafe3-857f-48da-925b-def850023a67,2020
da5c6e18-99fd-4e69-90b6-a3eb30e2d9e3,2019
f9d3f568-a4fb-46b5-b2d4-3f351a3b0e40,2017
f9d3f568-a4fb-46b5-b2d4-3f351a3b0e40,2019
fe79e0cb-246b-456f-b9b2-6ba80dafa520,2018
fe79e0cb-246b-456f-b9b2-6ba80dafa520,2019
027ef76e-c3f4-4c97-9633-4b569de6a45a,2016
027ef76e-c3f4-4c97-9633-4b569de6a45a,2017
0475f83d-50ff-459d-ab72-985c9dd114e7,2018
09a709aa-1f59-4b89-9406-240f84d61028,2021
154e00cc-1237-4f71-97c7-77878e76191c,2018
154e00cc-1237-4f71-97c7-77878e76191c,2019
1a139577-14f9-426d-8c8d-9090aab8d294,2019
1c8e286a-115d-4c80-a61e-37cbc36173a4,2018
26a74ef3-9c5e-4ef8-8cf3-0356585e92b3,2017
2d3ba229-c0ec-4e37-84b9-16742c04edb5,2016
2d3ba229-c0ec-4e37-84b9-16742c04edb5,2017
2d3ba229-c0ec-4e37-84b9-16742c04edb5,2018
3776d99a-e2fe-4c2c-8e27-fb749a426271,2020
39ab75b3-7126-a1da-db6a-e135f6f9dcf8,2019
3ba7fad4-daa2-449a-9cde-3fd46a3aa857,2016
3d8fc8a8-83f4-4805-804f-0490adb14369,2016
3dec8c94-18a8-412e-953e-ed822887beb0,2019
3e0c61c3-5e11-4a4d-b2c2-aaada8dc54ac,2016
3e0c61c3-5e11-4a4d-b2c2-aaada8dc54ac,2017
447a1473-579f-498a-a59e-99ced3049348,2018
452668ba-a205-4067-8cb2-8e582a03dfcd,2016
47cea8a2-f257-420c-a7c7-bff58faeb838,2019
47cea8a2-f257-420c-a7c7-bff58faeb838,2020
49129acd-e5d3-4c89-9b38-5207995f994d,2018
49129acd-e5d3-4c89-9b38-5207995f994d,2019
4a59cd62-b31c-42c6-992c-5e7051bcd23a,2018
4a59cd62-b31c-42c6-992c-5e7051bcd23a,2019
4fda5359-8153-4129-bf6f-82114b6425cc,2020
50cae4e0-0fd5-494b-a36d-33df2a3651ef,2020
553bb442-6754-4d1e-8f81-8071c8adddeb,2017
553bb442-6754-4d1e-8f81-8071c8adddeb,2018
553bb442-6754-4d1e-8f81-8071c8adddeb,2019
553bb442-6754-4d1e-8f81-8071c8adddeb,2020
58999109-3848-4689-b045-b60913ced424,2018
5a80e6f9-30af-4b37-8135-a767f75c3d17,2019
5c4ce4ae-79d5-4d0b-aed1-a8e9084b9914,2016
628640e9-8269-4f5d-ac9e-f098e8b6d995,2019
628640e9-8269-4f5d-ac9e-f098e8b6d995,2020
63fef4c6-feab-479c-a0be-78cc5274c895,2016
7c1c4125-7cb6-4ad4-94c3-e1fde2b3e12b,2018
7c1c4125-7cb6-4ad4-94c3-e1fde2b3e12b,2019
88bf7959-72a6-4918-a998-4cecde8afd86,2019
88bf7959-72a6-4918-a998-4cecde8afd86,2020
8c6aa933-9f6e-477d-a6c1-5e8141a31c6e,2020
9718464e-a3ba-4b68-9515-f90450ed5f26,2016
996649d2-00cd-4488-a0c9-c3e465c63963,2017
996649d2-00cd-4488-a0c9-c3e465c63963,2018
9a5d7128-9f56-4105-b2b4-1f79d42e0b67,2017
9c10286c-1aed-443e-9115-f1d84f1297ed,2017
a2dce84d-f9f3-4024-8a1d-c6cd6557dfa8,2016
a2dce84d-f9f3-4024-8a1d-c6cd6557dfa8,2017
a2dce84d-f9f3-4024-8a1d-c6cd6557dfa8,2019
a3feaeec-0640-40fd-a822-6c5f34ed4aef,2017
a955e4ab-bf04-4bf3-90c8-c56d9ba3003a,2017
b216013f-21ec-4785-a9b9-bc0eb663ff45,2016
b216013f-21ec-4785-a9b9-bc0eb663ff45,2019
b36adc55-a05c-483b-887c-d0012086026d,2016
c14e5e8e-b97e-4eb8-b049-c0faccd8f387,2016
c14e5e8e-b97e-4eb8-b049-c0faccd8f387,2017
c14e5e8e-b97e-4eb8-b049-c0faccd8f387,2018
c14e5e8e-b97e-4eb8-b049-c0faccd8f387,2019
d477ec8d-696a-4663-920f-67e15cce7050,2016
dc0dbf04-54fe-478f-ac84-7bd2eef6c915,2018
e0fe8bbc-d4c9-40a7-9bae-04f9dd35154c,2018
edec61ec-bdba-468e-b8ee-254ec3ded478,2018
f0ae7f17-3b30-4649-8a19-b97ebfb15f73,2018
f0ccfafb-a4da-4f39-865d-9bcf21e71682,2019
f720508a-a0a1-4dd5-8665-4c8670245c26,2018
f720508a-a0a1-4dd5-8665-4c8670245c26,2019
fb11aa67-0800-44be-905d-0fc132143231,2020
1b5040e9-cf1f-471c-92fd-5aa6e1c3f8a2,2017
21ef0932-b501-4269-8c4a-173041b320f7,2018
278b29ca-291b-454d-bfe3-ba77f2c4e908,2016
278b29ca-291b-454d-bfe3-ba77f2c4e908,2017
3ae48236-44d7-4773-a713-b409c9f9d8fe,2016
3e1fbd2b-456d-4210-82e8-57cc62a6c4d9,2021
3fa368cb-0a13-4af6-ba71-f0f3c41a8f70,2019
43501afc-af5a-4592-a8f8-a6399f549a76,2018
47a18615-430e-4e22-9d3d-408333e718ce,2020
55b729ed-3fea-4b23-af1f-19dd4d9b121d,2018
59d43757-d5a1-4439-ac80-b63a3d49d239,2019
5b5f6ebb-f448-476a-b73f-3249a13abb91,2016
5b5f6ebb-f448-476a-b73f-3249a13abb91,2017
6c3fb0f4-a60c-46dc-971f-d03f9a68ee49,2020
70db431e-c3a0-442f-b403-efb8054649f1,2016
7f959af9-f13b-4df5-aa91-e3f7ad222456,2017
7f959af9-f13b-4df5-aa91-e3f7ad222456,2019
8418af07-d6df-4f36-994e-5f75455c3ab1,2020
876e7668-ea51-4137-b589-a9fee4b651f8,2017
8d6cf73e-0466-4d25-a35e-960ece73c7a5,2016
969721c5-1b6c-41d0-a1da-a65c0d5debaf,2016
998c8dfc-9b1c-4168-b133-0f0c6a733d4a,2018
a10bd078-db17-4fd5-bc09-184742d1febb,2021
ae56971b-802a-4299-a497-24d0033dce4b,2020
b2de9805-ab43-4ca2-9d6a-ca1a88508959,2016
b2de9805-ab43-4ca2-9d6a-ca1a88508959,2017
bacd1940-ec95-4f27-8fcd-c72a9ce763f8,2016
bdb7c70c-45da-4eb2-b77f-13ac3f98b8a9,2019
cf498655-cbb1-47d9-813d-4195295a2406,2017
cf498655-cbb1-47d9-813d-4195295a2406,2018
cf498655-cbb1-47d9-813d-4195295a2406,2019
e112af4c-1c62-410d-984b-9386b17f5b29,2017
e31a9c72-978c-42e4-8876-a4ee9566f729,2016
ea7a5c29-0b29-407d-9529-0cecfe536538,2019
ea7a5c29-0b29-407d-9529-0cecfe536538,2020
ebf7814e-fa9b-4e8b-9fdd-b2b8494c25b8,2016
ebf7814e-fa9b-4e8b-9fdd-b2b8494c25b8,2017
ecd3d263-93f3-4716-9664-20781e6c1758,2020
edab10f9-c9ea-400e-9139-59ba11471c00,2016
f057598d-faa4-4dcb-86e0-c59bf2f4f823,2019